supplier_name,address,contact,supplier_since
any & CO,CA act street 23,139-303,2012-12-31
contain & CO,CA change street 1,336-370,2016-09-19
young & CO,CA vote street 14,264-487,2015-05-16
hold & CO,CA once street 4,362-360,2014-05-23
green & CO,CA must street 31,296-332,2010-04-07
quickly & CO,CA institution street 21,131-207,2010-03-11
sell & CO,CA election street 14,156-250,2015-10-08
pressure & CO,CA low street 5,130-396,2009-01-18
number & CO,CA floor street 2,381-237,2016-09-25
different & CO,CA record street 14,325-489,2011-07-02
red & CO,CA could street 10,242-268,2018-03-31
even & CO,CA while street 34,228-335,2008-09-13
total & CO,CA check street 22,106-234,2018-03-22
safe & CO,CA evening street 1,114-282,2010-08-15
machine & CO,CA beat street 34,210-213,2008-04-28
matter & CO,CA because street 28,397-217,2012-04-03
key & CO,CA memory street 38,237-420,2017-10-16
level & CO,CA get street 1,244-406,2015-06-26
as & CO,CA modern street 17,107-213,2015-08-13
woman & CO,CA else street 3,365-459,2012-07-15
reality & CO,CA that street 39,161-258,2012-10-31
name & CO,CA population street 36,120-483,2008-04-10
life & CO,CA well street 4,131-419,2013-02-13
supplier_name,address,contact,supplier_since
south & CO,TX member street 40,347-489,2010-01-02
there & CO,TX determine street 33,295-379,2009-06-09
area & CO,TX process street 19,102-286,2008-10-14
explain & CO,TX measure street 4,131-390,2013-11-04
lead & CO,TX his street 40,100-319,2016-09-25
Republican & CO,TX ask street 17,330-263,2009-11-26
oil & CO,TX if street 38,173-457,2008-10-14
join & CO,TX star street 23,359-243,2013-05-03
agreement & CO,TX feeling street 28,141-418,2008-08-18
once & CO,TX home street 7,247-382,2016-06-21
difficult & CO,TX author street 37,202-360,2012-12-29
model & CO,TX worker street 40,152-346,2017-09-11
tell & CO,TX next street 2,271-333,2014-10-07
act & CO,TX piece street 15,103-344,2016-04-08
build & CO,TX table street 2,207-411,2014-12-16
popular & CO,TX analysis street 34,298-471,2016-03-06
focus & CO,TX change street 4,252-351,2013-02-28
instead & CO,TX believe street 23,219-257,2016-12-27
in & CO,TX girl street 9,292-454,2014-07-05
machine & CO,TX special street 22,225-286,2008-08-28
store & CO,TX may street 16,235-370,2010-07-17
all & CO,TX region street 22,293-312,2008-05-23
southern & CO,TX type street 19,240-292,2016-12-05
supplier_name,address,contact,supplier_since
song & CO,OH design street 20,151-437,2017-03-19
many & CO,OH third street 24,105-374,2015-05-11
interesting & CO,OH wait street 31,230-381,2013-01-01
so & CO,OH bed street 17,205-212,2015-10-05
edge & CO,OH foot street 26,256-412,2016-12-21
culture & CO,OH represent street 18,299-229,2010-07-10
factor & CO,OH will street 30,139-266,2011-05-04
drug & CO,OH figure street 19,300-279,2010-04-19
open & CO,OH general street 1,101-397,2008-12-25
town & CO,OH father street 27,190-466,2009-11-29
power & CO,OH hard street 38,376-220,2012-08-12
something & CO,OH day street 34,172-204,2014-11-08
today & CO,OH important street 27,216-364,2013-01-14
small & CO,OH carry street 9,242-403,2014-12-08
opportunity & CO,OH wall street 24,214-305,2013-01-13
boy & CO,OH industry street 40,132-395,2014-04-12
agent & CO,OH trip street 21,253-283,2015-04-02
thousand & CO,OH policy street 3,255-386,2010-07-27
unit & CO,OH truth street 33,303-200,2013-07-19
particular & CO,OH pattern street 21,171-349,2014-05-12
produce & CO,OH chance street 37,301-298,2016-07-06
speak & CO,OH deal street 29,149-338,2013-02-20
figure & CO,OH energy street 16,315-473,2017-07-28
supplier_name,address,contact,supplier_since
within & CO,FL air street 24,176-378,2013-03-19
benefit & CO,FL while street 21,384-446,2018-02-25
movie & CO,FL author street 38,293-306,2008-11-19
now & CO,FL later street 12,193-488,2010-02-20
something & CO,FL already street 5,153-358,2012-03-14
way & CO,FL skin street 30,121-201,2013-03-03
kitchen & CO,FL dinner street 28,292-215,2012-05-30
player & CO,FL eight street 17,301-380,2015-11-28
cost & CO,FL age street 31,396-449,2018-02-11
fall & CO,FL town street 33,287-496,2016-05-31
soon & CO,FL middle street 18,170-323,2008-03-08
standard & CO,FL two street 27,390-226,2013-05-23
road & CO,FL recently street 14,177-242,2014-12-11
return & CO,FL by street 7,349-272,2017-08-22
service & CO,FL behind street 32,370-459,2012-08-08
particular & CO,FL our street 3,175-262,2018-01-15
sense & CO,FL world street 32,316-239,2015-12-15
avoid & CO,FL as street 37,395-231,2015-06-11
another & CO,FL beyond street 38,188-225,2009-03-18
paper & CO,FL task street 11,135-402,2011-10-11
actually & CO,FL human street 28,296-293,2008-01-13
same & CO,FL white street 17,269-277,2011-06-27
back & CO,FL authority street 17,284-268,2012-09-15
supplier_name,address,contact,supplier_since
about & CO,AZ treat street 25,150-410,2018-02-17
occur & CO,AZ federal street 12,205-418,2012-12-14
claim & CO,AZ none street 18,164-331,2008-03-01
find & CO,AZ western street 2,253-378,2009-12-30
new & CO,AZ stuff street 29,169-355,2017-03-17
question & CO,AZ thank street 25,323-371,2010-10-07
black & CO,AZ spring street 10,328-481,2011-07-18
international & CO,AZ his street 14,246-369,2009-11-01
particularly & CO,AZ region street 21,321-480,2016-03-15
part & CO,AZ exactly street 16,105-316,2015-07-20
paper & CO,AZ note street 6,313-428,2017-12-19
particular & CO,AZ nation street 20,230-248,2016-02-05
always & CO,AZ easy street 3,231-405,2015-01-24
ever & CO,AZ yeah street 25,200-434,2013-08-21
movement & CO,AZ environmental street 33,113-364,2017-02-13
walk & CO,AZ decade street 19,263-414,2017-01-14
tonight & CO,AZ since street 37,178-448,2015-12-04
me & CO,AZ great street 19,373-500,2015-10-19
ability & CO,AZ training street 30,368-275,2015-07-24
nearly & CO,AZ range street 3,389-344,2017-03-06
return & CO,AZ consumer street 15,369-288,2015-03-28
authority & CO,AZ of street 31,249-376,2016-02-25
service & CO,AZ single street 15,223-281,2015-05-16
supplier_name,address,contact,supplier_since
eat & CO,NJ sea street 17,307-374,2010-10-31
through & CO,NJ smile street 35,280-445,2008-10-04
others & CO,NJ throw street 33,397-255,2016-01-13
consider & CO,NJ discover street 12,273-486,2008-09-27
them & CO,NJ during street 25,232-313,2013-03-28
change & CO,NJ maintain street 13,321-322,2017-08-28
fast & CO,NJ threat street 5,180-477,2008-05-13
base & CO,NJ tell street 11,138-339,2013-01-16
control & CO,NJ usually street 18,159-374,2009-10-18
tonight & CO,NJ miss street 33,267-468,2015-01-17
firm & CO,NJ dream street 6,342-450,2009-06-22
white & CO,NJ fish street 27,226-478,2015-01-07
boy & CO,NJ beat street 4,215-377,2014-05-06
entire & CO,NJ second street 39,321-331,2014-07-01
force & CO,NJ structure street 19,378-271,2011-12-24
your & CO,NJ tree street 38,188-494,2009-08-04
contain & CO,NJ ten street 39,139-366,2011-09-30
where & CO,NJ only street 27,225-377,2010-11-25
capital & CO,NJ on street 1,121-302,2014-11-10
house & CO,NJ daughter street 20,163-273,2016-02-21
use & CO,NJ paper street 33,241-328,2015-11-23
rock & CO,NJ dinner street 10,303-241,2012-10-11
design & CO,NJ yourself street 20,294-404,2016-07-17
